iteration,seed,Forests and Wooded Land,Open Land,Built-up Areas,Water
0,127731606602957775792738959244254602547,0.5743792629100722,0.357951348430484,0.045914699557988325,0.021754689101455466
1,14897038205688031568915142214346553553,0.5743665110407279,0.3581107467972883,0.04576805306052834,0.021754689101455466
2,276058848364976075213534910585422918561,0.5751316232013887,0.3571830483024871,0.0459322333783368,0.021753095117787422
3,136354627113193509844065240505796453212,0.5736205266840836,0.35849170889395066,0.04613466930417831,0.021753095117787422
4,165854332145589208416174894963473087852,0.574846300124809,0.3572292738288603,0.04617292491221135,0.02175150113411938
