iteration,seed,Forests and Wooded Land,Open Land,Built-up Areas,Water
0,127731606602957775792738959244254602547,0.6226482763457606,0.31935622187615065,0.044547061570807144,0.013448440207281637
1,14897038205688031568915142214346553553,0.6225717651296945,0.3193482519578104,0.044698490019271266,0.013381492893223816
2,276058848364976075213534910585422918561,0.6229176595856599,0.31941838723920435,0.04428724223291608,0.013376710942219686
3,136354627113193509844065240505796453212,0.623102561691153,0.3187728238536468,0.04478137717000952,0.013343237285190776
4,165854332145589208416174894963473087852,0.6228220205655773,0.3194311391085487,0.044473738322077155,0.01327310200379687
